movie,year
"(500) Days of Summer",2009
"[REC]",2007
"10 Cloverfield Lane",2016
"10 Things I Hate About You",1999
"101 Dalmatians",1996
"12 Angry Men",1957
"12 Years a Slave",2013
"127 Hours",2010
"12th Fail",2023
"1408",2007
"1917",2019
"1920",2008
"1942: A Love Story",1994
"2 States",2014
"2001: A Space Odyssey",1968
"2012",2009
"21 Jump Street",2012
"25th Hour",2002
"28 Days Later",2002
"28 Weeks Later",2007
"28 Years Later",2025
"3 Idiots",2009
"300",2006
"36 China Town",2006
"4 Months, 3 Weeks and 2 Days",2007
"48 Hrs.",1982
"50/50",2011
"8 Mile",2002
"8:46",2020
"83",2021
"A Beautiful Mind",2001
"A Bittersweet Life",2005
"A Boy Named Charlie Brown",1969
"A Bug's Life",1998
"A Charlie Brown Christmas",1965
"A Clockwork Orange",1971
"A Close Shave",1995
"A Complete Unknown",2024
"A Death in the Gunj",2016
"A Different Man",2024
"A Few Good Men",1992
"A Fistful of Dollars",1964
"A Gentleman",2017
"A Grand Day Out",1989
"A Hero",2021
"A History of Violence",2005
"A Nightmare on Elm Street",1984
"A Quiet Place",2018
"A Quiet Place Part II",2020
"A Real Pain",2024
"A Room with a View",1986
"A Separation",2011
"A Serbian Film",2010
"A Silent Voice: The Movie",2016
"A Star Is Born",2018
"A Tale of Two Sisters",2003
"A Time to Kill",1996
"A Trip to the Moon",1902
"A Wednesday!",2008
"Aa ab Laut Chalen",1999
"Aaja Nachle",2007
"Aakhree Raasta",1986
"Aalavandhan",2001
"Aamdani Atthanni Kharcha Rupaiya",2001
"Aamir",2008
"Aan: Men at Work",2004
"Aankhen",1993
"Aankhen",2002
"Aap Ki Kasam",1974
"Aarakshan",2011
"Aarya 2",2009
"Aashiqui",1990
"Aashiqui 2",2013
"Aavesham",2024
"Aavishkar",1974
"Ab Tumhare Hawale Watan Saathiyo",2004
"ABCD",2013
"ABCD 2",2015
"Abhimaan",1973
"About Elly",2009
"About Time",2013
"Ace in the Hole",1951
"Action Replayy",2010
"Ad Astra",2019
"Adaptation.",2002
"Adolescence",2025
"Adventures of Ali-Baba and the Forty Thieves",1979
"Ae Dil Hai Mushkil",2016
"After Hours",1985
"Aghaat",1985
"Agneepath",1990
"Agneepath",2012
"Agra",2023
"Air",2023
"Airlift",2016
"Airplane!",1980
"Aitraaz",2004
"Ajab Prem Ki Ghazab Kahani",2009
"Ajnabee",2001
"Ajooba",1991
"AK vs AK",2020
"Akhiyon Se Goli Maare",2002
"Akira",1988
"Aladdin",1992
"Aladin",2009
"Alien",1979
"Aliens",1986
"All About Eve",1950
"All India Rank",2023
"All of Us Strangers",2023
"All the Beauty and the Bloodshed",2022
"All the Best: Fun Begins",2009
"All the President's Men",1976
"Almost Famous",2000
"Alone in the Wilderness",2004
"Altered States",1980
"Amadeus",1984
"Amar Akbar Anthony",1977
"Amar Prem",1972
"Amélie",2001
"American Beauty",1999
"American Fiction",2023
"American Graffiti",1973
"American History X",1998
"American Hustle",2013
"American Movie",1999
"American Pie",1999
"American Psycho",2000
"American Sniper",2014
"Amores Perros",2000
"An American Werewolf in London",1981
"An Unmarried Woman",1978
"Anaconda",1997
"Anacondas: The Hunt for the Blood Orchid",2004
"Anand",1971
"Anari",1993
"Anatomy of a Fall",2023
"Anatomy of a Murder",1959
"Anbe Sivam",2003
"Anchorman: The Legend of Ron Burgundy",2004
"Andaz Apna Apna",1994
"Andhaa Kaanoon",1983
"Andhadhun",2018
"Angel Heart",1987
"Angoor",1982
"Angry Young Men",2024
"Angst",1983
"Anima",2019
"Animal",2023
"Animal Kingdom",2010
"Anji",2004
"Ankhon Dekhi",2013
"Ankush",1986
"Annie Hall",1977
"Annihilation",2018
"Anniyan",2005
"Anomalisa",2015
"Anora",2024
"Another Round",2020
"Antichrist",2009
"Ant-Man",2015
"Ant-Man and the Wasp",2018
"Aparajito",1956
"Apne",2007
"Apocalypse Now",1979
"Apocalypto",2006
"Apollo 13",1995
"Apur Sansar",1959
"Aquaman",2018
"Aradhana",1969
"Are You There God? It's Me, Margaret.",2023
"Argo",2012
"Arjun Reddy",2017
"Arlington Road",1999
"Army of Darkness",1992
"Arrival",2016
"Article 15",2019
"As Good as It Gets",1997
"Assault on Precinct 13",1976
"Atithi Tum Kab Jaoge?",2010
"Atomic Blonde",2017
"Atonement",2007
"Attack the Block",2011
"Audition",1999
"Aunty No. 1",1998
"Avatar",2009
"Avatar: The Way of Water",2022
"Avengers: Age of Ultron",2015
"Avengers: Endgame",2019
"Avengers: Infinity War",2018
"Avtaar",1983
"Awaargi",1990
"Awakenings",1990
"Awara Paagal Deewana",2002
"Awarapan",2007
"Baadshah",1999
"Baaghi",2016
"Baazigar",1993
"Baby",2015
"Baby Driver",2017
"Baby's Day Out",1994
"Bachna Ae Haseeno",2008
"Back to the Future",1985
"Bacurau",2019
"Bad Lieutenant",1992
"Bad Santa",2003
"Bad Trip",2021
"Badal",2000
"Bade Miyan Chote Miyan",1998
"Bade Miyan Chote Miyan",2024
"Badhaai Ho",2018
"Badhaai Ho Badhaai",2002
"Badlands",1973
"Badlapur",2015
"Badmaash Company",2010
"Badrinath Ki Dulhania",2017
"Baghban",2003
"Bāhubali 2: The Conclusion",2017
"Bāhubali: The Beginning",2015
"Bajirao Mastani",2015
"Bajrangi Bhaijaan",2015
"Bala",2019
"Ballerina",2025
"Band Baaja Baaraat",2010
"Band of Brothers",2001
"Bandhan",1998
"Bandit Queen",1994
"Baraka",1992
"Barbarian",2022
"Barbie",2023
"Bareilly Ki Barfi",2017
"Barfi!",2012
"Barry Lyndon",1975
"Basic Instinct",1992
"Batman",1989
"Batman Begins",2005
"Batman Beyond: Return of the Joker",2000
"Batman v Superman: Dawn of Justice",2016
"Batman: Assault on Arkham",2014
"Batman: Mask of the Phantasm",1993
"Batman: The Dark Knight Returns, Part 1",2012
"Batman: The Dark Knight Returns, Part 2",2013
"Batman: The Killing Joke",2016
"Batman: Under the Red Hood",2010
"Batman: Year One",2011
"Battle Royale",2000
"Bbuddah Hoga Terra Baap",2011
"Beauty and the Beast",1978
"Beauty and the Beast",1991
"Bedazzled",2000
"BEEF",2023
"Before Midnight",2013
"Before Sunrise",1995
"Before Sunset",2004
"Beginners",2010
"Being Cyrus",2005
"Being John Malkovich",1999
"Ben Stokes: Phoenix from the Ashes",2022
"Benaam Badsha",1991
"Berserk",1997
"Besharam",2013
"Beta",1992
"Beverly Hills Cop",1984
"Bewafaa",2005
"Beyond Utopia",2023
"Bhaag Milkha Bhaag",2013
"Bhagam Bhag",2006
"Bhool Bhulaiyaa",2007
"Bhool Chuk Maaf",2025
"Bhoot",2003
"Bhoothnath",2008
"Bhoothnath Returns",2014
"Bichhoo",2000
"Bicycle Thieves",1948
"Big Fish",2003
"Big Hero 6",2014
"Bill & Ted's Excellent Adventure",1989
"Bill Burr: Paper Tiger",2019
"Billu",2009
"Birdman or (The Unexpected Virtue of Ignorance)",2014
"Biwi Ho To Aisi",1988
"Biwi No.1",1999
"Black",2005
"Black Bag",2025
"Black Christmas",1974
"Black Friday",2004
"Black Mirror: Bandersnatch",2018
"Black Mirror: Be Right Back",2013
"Black Mirror: Bête Noire",2025
"Black Mirror: Beyond the Sea",2023
"Black Mirror: Black Museum",2017
"Black Mirror: Fifteen Million Merits",2011
"Black Mirror: Hang the DJ",2017
"Black Mirror: Hated in the Nation",2016
"Black Mirror: Nosedive",2016
"Black Mirror: Playtest",2016
"Black Mirror: San Junipero",2016
"Black Mirror: Shut Up and Dance",2016
"Black Mirror: The Entire History of You",2011
"Black Mirror: The National Anthem",2011
"Black Mirror: USS Callister",2017
"Black Mirror: White Bear",2013
"Black Mirror: White Christmas",2014
"Black Panther",2018
"Black Sabbath",1963
"Black Swan",2010
"BlackBerry",2023
"Blade Runner",1982
"Blade Runner 2049",2017
"Blindspotting",2018
"Blood Diamond",2006
"Blood Simple",1984
"Blow Out",1981
"Blue Jasmine",2013
"Blue Jay",2016
"Blue Ruin",2013
"Blue Valentine",2010
"Blue Velvet",1986
"Bo Burnham: Inside",2021
"Bo Burnham: Make Happy",2016
"Bodies Bodies Bodies",2022
"Body Double",1984
"Bodyguard",2011
"BoJack Horseman Christmas Special: Sabrina's Christmas Wish",2014
"Bol Bachchan",2012
"Bol Radha Bol",1992
"Bolt",2008
"Bombay Talkies",2013
"Bombay to Goa",1972
"Bones and All",2022
"Boogie Nights",1997
"Borat Subsequent Moviefilm",2020
"Borat: Cultural Learnings of America for Make Benefit Glorious Nation of Kazakhstan",2006
"Border",1997
"Borderlands",2021
"Boss",2013
"Bottle Rocket",1996
"Bottoms",2023
"Boyhood",2014
"Boys Don't Cry",1999
"BrahmÄstra Part One: Shiva",2022
"Brain Damage",1988
"Bram Stoker's Dracula",1992
"Bramayugam",2024
"Brave",2012
"Braveheart",1995
"Brawl in Cell Block 99",2017
"Brazil",1985
"Breakdown",1997
"Brick",2005
"Bridesmaids",2011
"Bridget Jones's Diary",2001
"Bring Her Back",2025
"Bringing Out the Dead",1999
"Brokeback Mountain",2005
"Brothers",2015
"Bruce Almighty",2003
"Buffalo '66",1998
"Bugis Street",1995
"Bugonia",2025
"Bulandi",2000
"Bull Durham",1988
"Bullet Train",2022
"Bullitt",1968
"Bunty Aur Babli",2005
"Buried",2010
"Burn After Reading",2008
"Burning",2018
"C Kkompany",2008
"Caché",2005
"Call Me by Your Name",2017
"Candyman",1992
"Cape Fear",1991
"Capernaum",2018
"Captain America: Civil War",2016
"Captain America: The First Avenger",2011
"Captain America: The Winter Soldier",2014
"Captain Fantastic",2016
"Captain Marvel",2019
"Captain Phillips",2013
"Carlito's Way",1993
"Carrie",1976
"Cars",2006
"Casablanca",1942
"Casino",1995
"Casino Royale",2006
"Cast Away",2000
"Catch Me If You Can",2002
"Caught Stealing",2025
"Chaalbaaz",1989
"Chachi 420",1997
"Chain Kulii Ki Main Kulii",2007
"Chak De! India",2007
"Chal Mere Bhai",2000
"Challengers",2024
"Chalte Chalte",2003
"Chamatkar",1992
"Chameli",2003
"Chameli Ki Shaadi",1986
"Champion",2000
"Chandni",1989
"Chandni Chowk to China",2009
"Chandramukhi",2005
"Chashme Buddoor",1981
"Chasing Amy",1997
"Cheeni Kum",2007
"Chef",2014
"Chennai Express",2013
"Chernobyl",2019
"Chhaava",2025
"Chhichhore",2019
"Chhoti Si Baat",1976
"Child’s Play",1988
"Children of a Lesser God",1986
"Children of Heaven",1997
"Children of Men",2006
"China Gate",1998
"Chinatown",1974
"Chloe",2009
"Chor Machaaye Shor",2002
"Chori Chori Chupke Chupke",2001
"Chris Rock: Selective Outrage",2023
"Christine",1983
"Chronicle",2012
"Chungking Express",1994
"Chup Chup Ke",2006
"Chupke Chupke",1975
"Cinderella",1950
"Cinema Paradiso",1988
"Citizen Kane",1941
"Citizenfour",2014
"City Lights",1931
"City of God",2002
"Civil War",2024
"Clerks",1994
"Clerks II",2006
"Close",2022
"Close Encounters of the Third Kind",1977
"Closer",2004
"Cloverfield",2008
"Cocktail",2012
"Coco",2017
"CODA",2021
"Coherence",2013
"Collateral",2004
"Come and See",1985
"Commando - A One Man Army",2013
"Company",2002
"Con Air",1997
"Conclave",2024
"Constantine",2005
"Contact",1997
"Contagion",2011
"Cool Hand Luke",1967
"Coolie",1983
"Coolie No. 1",1995
"Cosmos",2014
"Court",2014
"Cowboy Bebop",1998
"Cowboy Bebop: The Movie",2001
"Crank",2006
"Crash",2004
"Crazy, Stupid, Love.",2011
"Creature 3D",2014
"Creed",2015
"Crimson Tide",1995
"Cronos",1992
"Crossing the Line",2018
"Crouching Tiger, Hidden Dragon",2000
"Cruising",1980
"Cube",1997
"Cure",1997
"Cutter's Way",1981
"Daawat-e-Ishq",2014
"Dabangg",2010
"Dabangg 2",2012
"Daisy Miller",1974
"Dallas Buyers Club",2013
"Damage",1992
"Damini",1993
"Dan in Real Life",2007
"Dangal",2016
"Dark City",1998
"Darna Mana Hai",2003
"Darna Zaroori Hai",2006
"Darr",1992
"Daruvu",2012
"Dasavatharam",2008
"Dasvidaniya",2008
"Dave Chappelle: Equanimity",2017
"Dawn of the Planet of the Apes",2014
"Dayavan",1988
"Days of Heaven",1978
"Dazed and Confused",1993
"D-Day",2013
"De Dana Dan",2009
"Dead Man Walking",1995
"Dead of Night",1974
"Dead Poets Society",1989
"Dead Ringers",1988
"Deadpool",2016
"Deadpool & Wolverine",2024
"Deadpool 2",2018
"Dear Zachary: A Letter to a Son About His Father",2008
"Dear Zindagi",2016
"Death Becomes Her",1992
"Death Note",2006
"Death Proof",2007
"Decision to Leave",2022
"Deep Cover",1992
"Deep Red",1975
"Deewaar",1975
"Deewana",1992
"Deewana Mastana",1997
"Deewane Huye Paagal",2005
"Delhi Belly",2011
"Deliverance",1972
"Demolition",2015
"Departures",2008
"Desi Boyz",2011
"Desperado",1995
"Despicable Me",2010
"Detective Byomkesh Bakshy!",2015
"Dev.D",2009
"Devdas",2002
"Devil in a Blue Dress",1995
"Dhadkan",2000
"Dhamaal",2007
"Dhan Dhana Dhan Goal",2007
"Dharam Veer",1977
"Dhol",2007
"Dhoom",2004
"Dhoom 2",2006
"Dhoom 3",2013
"Dhuin",2022
"Dhurandhar",2025
"Dhurandhar The Revenge",2026
"Dial M for Murder",1954
"Die Hard",1988
"Die Hard 2",1990
"Die Hard With a Vengeance",1995
"Dil",1990
"Dil Bole Hadippa!",2009
"Dil Chahta Hai",2001
"Dil Dhadakne Do",2015
"Dil Maange More!!!",2004
"Dil Se..",1998
"Dil To Pagal Hai",1997
"Diljale",1996
"Dillagi",1999
"Dilwale",1994
"Dilwale",2015
"Dilwale Dulhania Le Jayenge",1995
"Dirty Harry",1971
"District 9",2009
"Disturbia",2007
"Django Unchained",2012
"Do Aur Do Paanch",1980
"Do Dooni Chaar",2010
"Do the Right Thing",1989
"Doctor Sleep",2019
"Doctor Strange",2016
"Doctor Strange in the Multiverse of Madness",2022
"Dog Day Afternoon",1975
"Dog Soldiers",2002
"Dogma",1999
"Dogtooth",2009
"Don",1978
"Don",2006
"Don",2007
"Don 2",2011
"Don Jon",2013
"Don’t Look Up",2021
"Donnie Brasco",1997
"Donnie Darko",2001
"Don't Breathe",2016
"Don't Cry for Salim the Lame",1989
"Don't Look Now",1973
"Doodh Ka Karz",1990
"Doodlebug",1997
"Dostana",1980
"Dostana",2008
"Dosti",1964
"Double Dhamaal",2011
"Double Indemnity",1944
"Dr. Strangelove or: How I Learned to Stop Worrying and Love the Bomb",1964
"Drag Me to Hell",2009
"Dragon Ball Super: Broly",2018
"Dragon Ball Z: Bardock - The Father of Goku",1990
"Dragon Ball Z: Battle of Gods",2013
"Dragon Ball Z: Broly - The Legendary Super Saiyan",1993
"Dragon Ball Z: Fusion Reborn",1995
"Dragon Ball Z: Resurrection 'F'",2015
"Dragon Ball Z: The History of Trunks",1993
"Dragon Ball: Episode of Bardock",2011
"Dream Scenario",2023
"Dressed to Kill",1980
"Drishyam",2015
"Drishyam 2",2022
"Drive",2011
"Drugstore Cowboy",1989
"Drunken Master",1978
"Drunken Master II",1994
"Duck Amuck",1953
"Duel",1971
"Dulhan Hum Le Jayenge",2000
"Dulhe Raja",1998
"Dum",2003
"Dum Laga Ke Haisha",2015
"Dune",2021
"Dune: Part Two",2024
"Dunkirk",2017
"Duplicate",1998
"Dus",2005
"E.T. the Extra-Terrestrial",1982
"Eastern Promises",2007
"Easy A",2010
"Easy Rider",1969
"Edge of Tomorrow",2014
"Edmond",2005
"Edward Scissorhands",1990
"Eega",2012
"Eighth Grade",2018
"Ek Aur Ek Gyarah: By Hook or by Crook",2003
"Ek Hasina Thi",2004
"Ek Tha Tiger",2012
"Ek Villain",2014
"El Camino: A Breaking Bad Movie",2019
"Election",1999
"Elephant",2003
"End of Watch",2012
"Enemy",2013
"English Vinglish",2012
"Enthiran",2010
"Equilibrium",2002
"ERASED",2016
"Eraserhead",1977
"Escape from Alcatraz",1979
"Eternal Sunshine of the Spotless Mind",2004
"EuroTrip",2004
"Event Horizon",1997
"Everything Everywhere All at Once",2022
"Evil Dead",2013
"Evil Dead II",1987
"Ex Machina",2015
"eXistenZ",1999
"Exit Through the Gift Shop",2010
"Exotica",1994
"Extraction",2020
"Eyes Wide Shut",1999
"Eyes Without a Face",1960
"F1",2025
"Face/Off",1997
"Falling in Love",1984
"Fan",2016
"Fanaa",2006
"Fanny and Alexander",1982
"Fantastic Beasts and Where to Find Them",2016
"Fantastic Mr. Fox",2009
"Fantastic Planet",1973
"Fargo",1996
"Farishtay",1991
"Fashion",2008
"Fast Times at Ridgemont High",1982
"Father and Daughter",2000
"Fearless",1993
"Federer: Twelve Final Days",2024
"Ferrari Ki Sawaari",2012
"Ferris Bueller's Day Off",1986
"Fida",2004
"Fight Club",1999
"Final Destination",2000
"Finding Nemo",2003
"Finding Neverland",2004
"Fire in Babylon",2010
"Fire in the Sky",1993
"Fireworks",1997
"First Blood",1982
"First Man",2018
"First Reformed",2017
"Fish Tank",2009
"Five Easy Pieces",1970
"Following",1998
"Food",1992
"For a Few Dollars More",1965
"Forbidden Planet",1956
"Force",2011
"Force Majeure",2014
"Ford v Ferrari",2019
"Forgetting Sarah Marshall",2008
"Forrest Gump",1994
"Four Lions",2010
"Four Weddings and a Funeral",1994
"Frailty",2001
"Frances Ha",2012
"Freaks",1932
"Free Solo",2018
"Frenzy",1972
"Fright Night",1985
"From Beyond",1986
"From Dusk Till Dawn",1996
"Fukrey",2013
"Full Metal Jacket",1987
"Fullmetal Alchemist: Brotherhood",2009
"Fun2shh... Dudes in the 10th Century",2003
"Funny Games",1997
"Furiosa: A Mad Max Saga",2024
"Furious 7",2015
"Gabbar Is Back",2015
"Gadar: Ek Prem Katha",2001
"Gaganam",2011
"Gaman",1978
"Game Night",2018
"Gandhi",1982
"Gangaajal",2003
"Gangs of Wasseypur – Part 1",2012
"Gangs of Wasseypur – Part 2",2012
"Gangster",2006
"Gangubai Kathiawadi",2022
"Garam Masala",2005
"Garm Hava",1973
"Garv: Pride and Honour",2004
"Gattaca",1997
"Gayab",2004
"George of the Jungle",1997
"Get Out",2017
"Ghajini",2008
"Ghar Ho To Aisa",1990
"Gharwali Baharwali",1998
"Ghatak",1996
"Ghayal",1990
"Ghoomketu",2020
"Ghost in the Shell",1995
"Ghost Rider",2007
"Ghost Stories",2020
"Ghostbusters",1984
"Ghostwatch",1992
"Ghulam",1998
"Gifted",2017
"Ginger Snaps",2000
"Gladiator",2000
"Glass",2019
"Glass Onion",2022
"Glengarry Glen Ross",1992
"Go Goa Gone",2013
"God Tussi Great Ho",2008
"Godzilla",1998
"Godzilla",2014
"Godzilla Minus One",2023
"Godzilla vs. Kong",2021
"Godzilla: King of the Monsters",2019
"Gol Maal",1979
"Golden Boy",1995
"Goliyon Ki Raasleela Ram-Leela",2013
"Golmaal – Fun Unlimited",2006
"Golmaal 3",2010
"Golmaal Returns",2008
"Gone Baby Gone",2007
"Gone Girl",2014
"Good Boy, Bad Boy",2007
"Good Time",2017
"Good Will Hunting",1997
"GoodFellas",1990
"Goodnight Mommy",2014
"Goodnight Mommy",2022
"Gopi Kishan",1994
"Gorgeous",1999
"Gran Torino",2008
"Grave of the Fireflies",1988
"Gravity",2013
"Great Grand Masti",2016
"Green Book",2018
"Green Room",2015
"Gremlins",1984
"Grindhouse",2007
"Grosse Pointe Blank",1997
"Groundhog Day",1993
"Guardians of the Galaxy",2014
"Guardians of the Galaxy Vol. 2",2017
"Guardians of the Galaxy Vol. 3",2023
"Guess Who's Coming to Dinner",1967
"Gulaal",2009
"Gully Boy",2019
"Gunday",2014
"Gupt: The Hidden Truth",1997
"Guru",2007
"Guzaarish",2010
"Haathi Mere Saathi",1971
"Haatim Tai",1990
"Hachi: A Dog's Tale",2009
"Hacksaw Ridge",2016
"Hadh Kar Di Aapne",2000
"Haider",2014
"Hair Love",2019
"Half Nelson",2006
"Halloween",1978
"Halloween II",1981
"Halloweentown",1998
"Hamara Dil Aapke Paas Hai",2000
"Hancock",2008
"Hannibal",2001
"Hanuman",2005
"Happiness",1998
"Happy New Year",2014
"Har Dil Jo Pyar Karega",2000
"Harakiri",1962
"Hard Candy",2005
"Hard Eight",1996
"Hardcore",1979
"Harold and Maude",1971
"Harry Potter and the Chamber of Secrets",2002
"Harry Potter and the Deathly Hallows: Part 1",2010
"Harry Potter and the Deathly Hallows: Part 2",2011
"Harry Potter and the Goblet of Fire",2005
"Harry Potter and the Half-Blood Prince",2009
"Harry Potter and the Order of the Phoenix",2007
"Harry Potter and the Philosopher's Stone",2001
"Harry Potter and the Prisoner of Azkaban",2004
"Haseena Maan Jaayegi",1999
"Hatya",1988
"Heat",1995
"Heathers",1989
"Heavenly Puss",1949
"Hell or High Water",2016
"Hellboy",2004
"Hellboy II: The Golden Army",2008
"Hello Brother",1999
"Hellraiser",1987
"Hellraiser",2022
"Henna",1991
"Henry: Portrait of a Serial Killer",1986
"Her",2013
"Hera Pheri",2000
"Hereditary",2018
"Heretic",2024
"Hero",2002
"Hero No. 1",1997
"Heroes",2008
"Heroic Times",1983
"Heropanti",2014
"Heyy Babyy",2007
"Hi, Mom!",1970
"High and Low",1963
"High Fidelity",2000
"High School Musical",2006
"High Tension",2003
"Highway",2014
"Himmatwala",2013
"Hindi Medium",2017
"Hit Man",2023
"Hitch",2005
"Hogi Pyaar Ki Jeet",1999
"Holiday",2014
"Home Alone",1990
"Honey, I Shrunk the Kids",1989
"Hot Fuzz",2007
"Hotarubi no Mori e",2011
"Hotel Rwanda",2004
"Housefull",2010
"Housefull 2",2012
"Housefull 3",2016
"How to Train Your Dragon",2010
"How to Train Your Dragon 2",2014
"Howl's Moving Castle",2004
"Hulchul",2004
"Hulk",2003
"Hum",1991
"Hum Aapke Dil Mein Rehte Hain",1999
"Hum Aapke Hain Koun..!",1994
"Hum Dil De Chuke Sanam",1999
"Hum Hain Rahi Pyar Ke",1993
"Hum Kisi Se Kum Nahin",2002
"Hum Saath Saath Hain",1999
"Hum Tum",2004
"Hum Tumhare Hain Sanam",2002
"Humpty Sharma Ki Dulhania",2014
"Hungama",2003
"Hunger",2008
"I",2015
"I Am Legend",2007
"I Saw the Devil",2010
"I, Robot",2004
"Ice Age",2002
"Ichi the Killer",2001
"Identity",2003
"Idiocracy",2006
"If Anything Happens I Love You",2020
"If I Had Legs I’d Kick You",2025
"Immortal Beloved",1994
"In Bruges",2008
"In the Heat of the Night",1967
"In the Mood for Love",2000
"In the Mouth of Madness",1994
"In the Name of God",1992
"In the Name of the Father",1993
"Incendies",2010
"Inception",2010
"Incredibles 2",2018
"Independence Day",1996
"Indiana Jones and the Last Crusade",1989
"Indiana Jones and the Temple of Doom",1984
"Indra",2002
"Inglourious Basterds",2009
"Inherit the Wind",1960
"Inside Man",2006
"Inside Out",2015
"Inside Out 2",2024
"Insidious",2010
"Insidious: Chapter 2",2013
"Insidious: Chapter 3",2015
"Insomnia",2002
"International Khiladi",1999
"Interstellar",2014
"Interview with the Vampire",1994
"Into the Wild",2007
"Invasion of the Body Snatchers",1978
"Ip Man",2008
"Ip Man 2",2010
"Ip Man 3",2015
"Iqbal",2005
"Iron Man",2008
"Iron Man 2",2010
"Iron Man 3",2013
"Irreversible",2002
"Iruvar",1997
"Ishq",1997
"Ishqiya",2010
"Isle of Dogs",2018
"It",2017
"It Chapter Two",2019
"It Comes at Night",2017
"It Follows",2014
"It Happened One Night",1934
"It Was Just an Accident",2025
"It's a Wonderful Life",1946
"It's Entertainment",2014
"It's Such a Beautiful Day",2012
"Ittefaq",1969
"Jaadugar",1989
"Jaane Bhi Do Yaaro",1983
"Jaane Tu... Ya Jaane Na",2008
"Jaan-E-Mann",2006
"Jaani Dushman",1979
"Jaani Dushman: Ek Anokhi Kahani",2002
"Jab Jab Phool Khile",1965
"Jab Pyaar Kisise Hota Hai",1998
"Jab Tak Hai Jaan",2012
"Jab We Met",2007
"Jackie Brown",1997
"Jack-Jack Attack",2005
"Jai Ho",2014
"Jaisi Karni Waisi Bharni",1989
"Jajantaram Mamantaram",2003
"Jawan",2023
"Jaws",1975
"Jerry Maguire",1996
"Jewel Thief",1967
"Jhoom Barabar Jhoom",2007
"Jhooth Bole Kauwa Kaate",1998
"Jigarthanda",2014
"Jis Desh Mein Ganga Rehta Hai",2000
"Jism",2003
"Jo Bole So Nihaal",2005
"Jo Jeeta Wohi Sikandar",1992
"Jodhaa Akbar",2008
"Jodi No. 1",2001
"Joe",1970
"John Wick",2014
"John Wick: Chapter 2",2017
"John Wick: Chapter 3 – Parabellum",2019
"John Wick: Chapter 4",2023
"Johnny English",2003
"Johnny English Strikes Again",2018
"Johnny Gaddaar",2007
"Jojo Rabbit",2019
"Joker",2019
"Jolly LLB",2013
"Jolly LLB 2",2017
"Jolly LLB 3",2025
"Joram",2023
"Joru ka Ghulam",2000
"Josh",2000
"Joyland",2022
"Judaai",1997
"Judas and the Black Messiah",2021
"Judwaa",1997
"Julayi",2012
"Jumanji",1995
"Juno",2007
"Jurassic Park",1993
"Jurassic Park III",2001
"Jurassic World",2015
"Juror #2",2024
"Justice League",2017
"Justice League: Crisis on Two Earths",2010
"Justice League: Doom",2012
"Justice League: The Flashpoint Paradox",2013
"Justice League: War",2014
"Kaabil",2017
"Kaal",2005
"Kaala Patthar",1979
"Kaalia",1981
"Kaalo",2010
"Kaante",2002
"Kabhi Alvida Naa Kehna",2006
"Kabhi Haan Kabhi Naa",1994
"Kabhi Khushi Kabhie Gham",2001
"Kabir Singh",2019
"Kachche Dhaage",1999
"Kahaani",2012
"Kahin Pyaar Na Ho Jaaye",2000
"Kaho Naa... Pyaar Hai",2000
"Kai Po Che!",2013
"Kal Ho Naa Ho",2003
"Kaminey",2009
"Kantara",2022
"Kapoor & Sons",2016
"Karan Arjun",1995
"Karma",1986
"Karthik Calling Karthik",2010
"Karz",1980
"Katha",1982
"Kati Patang",1971
"Kaun?",1999
"Keemat",1998
"Kennedy",2023
"Khakee",2004
"Khal Nayak",1993
"Khatta Meetha",2010
"Khiladi 420",2000
"Khiladi 786",2012
"Khiladiyon Ka Khiladi",1996
"Khilona",1970
"Kho Gaye Hum Kahan",2023
"Khoj",1989
"Khoon Bhari Maang",1988
"Khosla Ka Ghosla!",2006
"Khubsoorat",1980
"Khuda Gawah",1992
"Kick",2014
"Kick-Ass",2010
"Kicking and Screaming",1995
"Kill",2023
"Kill Bill: Vol. 1",2003
"Kill Bill: Vol. 2",2004
"Kill List",2011
"Killers of the Flower Moon",2023
"Kinds of Kindness",2024
"King",2008
"King Kong",2005
"King of New York",1990
"King Uncle",1993
"Kingsman: The Secret Service",2014
"Kis Kisko Pyaar Karoon",2015
"Kishen Kanhaiya",1990
"Kismat Konnection",2008
"Kiss Kiss Bang Bang",2005
"Kitbull",2019
"Kites",2010
"Klaus",2019
"Knives Out",2019
"Knocked Up",2007
"Kohram",1999
"Koi... Mil Gaya",2003
"Kokomo City",2023
"Kong: Skull Island",2017
"Koyaanisqatsi",1982
"Koyla",1997
"K-PAX",2001
"Kramer vs. Kramer",1979
"Kranti",1981
"Krantiveer",1994
"Krishna Cottage",2004
"Krrish",2006
"Krrish 3",2013
"Kubo and the Two Strings",2016
"Kuch Kuch Hota Hai",1998
"Kuch Tum Kaho Kuch Hum Kahein",2002
"Kudrat",1981
"Kung Fu Hustle",2004
"Kung Fu Panda",2008
"Kung Fu Panda 2",2011
"Kung Fu Panda 3",2016
"Kung Fu Panda 4",2024
"Kunwara",2000
"Kya Kehna",2000
"Kyaa Kool Hai Hum",2005
"Kyo Kii... Main Jhuth Nahin Bolta",2001
"Kyon Ki...",2005
"L.A. Confidential",1997
"La Haine",1995
"La Jetée",1962
"La La Land",2016
"Laadla",1994
"Laal Singh Chaddha",2022
"Laawaris",1981
"Ladies VS. Ricky Bahl",2011
"Lady Bird",2017
"Lady Vengeance",2005
"Lagaan: Once Upon a Time in India",2001
"Lage Raho Munna Bhai",2006
"Lajja",2001
"Lake Mungo",2008
"Lakshya",2004
"Lamhe",1991
"Lars and the Real Girl",2007
"Late Night with the Devil",2023
"Lawrence of Arabia",1962
"Le Trou",1960
"Leave the World Behind",2023
"Leaving Las Vegas",1995
"Legion",2010
"Lemon Popsicle",1978
"Léon: The Professional",1994
"Let the Right One In",2008
"Lethal Weapon",1987
"Liar Liar",1997
"Licorice Pizza",2021
"Life in a Metro",2007
"Life Is Beautiful",1997
"Life Itself",2014
"Life of Brian",1979
"Life of Pi",2012
"Light Sleeper",1992
"Like Stars on Earth",2007
"Limitless",2011
"Lion",2016
"Listening to Kenny G",2021
"Little Miss Sunshine",2006
"Little Shop of Horrors",1986
"Little Women",2019
"Lock, Stock and Two Smoking Barrels",1998
"Logan",2017
"Loki",2021
"Lolita",1962
"Lolita",1997
"London Dreams",2009
"Lone Star",1996
"Longlegs",2024
"Looper",2012
"Lootera",2013
"Lord of War",2005
"Lost Highway",1997
"Lost in Translation",2003
"Lost Ladies",2023
"Love & Other Drugs",2010
"Love Aaj Kal",2009
"Love Actually",2003
"Love Lies Bleeding",2024
"Love Story",1970
"Love, Death & Robots: Bad Travelling",2022
"Love, Simon",2018
"Loveyapa",2025
"Loving Vincent",2017
"Luck",2009
"Luck by Chance",2009
"Lucky: No Time for Love",2005
"Lucy",2014
"Ludo",2020
"Luna",1979
"M",1931
"M.S. Dhoni: The Untold Story",2016
"Maa",1992
"Maa Tujhhe Salaam",2002
"Mad Max",1979
"Mad Max 2",1981
"Mad Max: Fury Road",2015
"Madgaon Express",2024
"Madness in the Desert",2004
"Maestro",2023
"Magadheera",2009
"Magic Mike",2012
"Magic Mike XXL",2015
"Magnolia",1999
"Maharaja",1998
"Maharaja",2024
"Main Aurr Mrs Khanna",2009
"Main Hoon Na",2004
"Main Khiladi Tu Anari",1994
"Main Prem Ki Diwani Hoon",2003
"Main Tera Hero",2014
"Maine Pyaar Kyun Kiya?",2005
"Maine Pyar Kiya",1989
"Major Saab",1998
"Makdee",2002
"Malamaal Weekly",2006
"Malena",2000
"Malignant",2021
"Mallrats",1995
"Man of Steel",2013
"Man on the Moon",1999
"Manchester by the Sea",2016
"Mandy",2018
"Mangal Pandey - The Rising",2005
"Manhattan",1979
"Manhunter",1986
"Manmarziyaan",2018
"Mann",1999
"Manorama Six Feet Under",2007
"Maqbool",2003
"Mard",1985
"Mare of Easttown",2021
"Margin Call",2011
"Mario Puzo's The Godfather: The Complete Novel for Television",1977
"Marriage Story",2019
"Mars Attacks!",1996
"Mars Express",2023
"Marty",1955
"Marty Supreme",2025
"Martyrs",2008
"Mary and Max",2009
"Masaan",2015
"Masoom",1983
"Mass",2004
"Masti",2004
"Matchstick Men",2003
"Materialists",2025
"May",2002
"May December",2023
"Me and Earl and the Dying Girl",2015
"Mean Girls",2004
"Mean Streets",1973
"Meet Joe Black",1998
"Megamind",2010
"Mehboob Ki Mehndi",1971
"Mehndi",1998
"Mela",2000
"Memento",2000
"Memories of Murder",2003
"Men",2022
"Men in Black",1997
"Men in Black 3",2012
"Men in Black II",2002
"Menace II Society",1993
"Mera Naam Joker",1970
"Mera Saaya",1966
"Meri Jung",1985
"Merry Christmas",2024
"Meshes of the Afternoon",1943
"Mickey 17",2025
"mid90s",2018
"Midnight Cowboy",1969
"Midnight in Paris",2011
"Midnight Run",1988
"Midsommar",2019
"Millennium Mambo",2001
"Miller’s Crossing",1990
"Million Dollar Baby",2004
"Mimi",2021
"Minari",2020
"Minority Report",2002
"Miracle Mile",1988
"Misery",1990
"Mission Kashmir",2000
"Mission: Impossible",1996
"Mission: Impossible – Dead Reckoning",2023
"Mission: Impossible - Fallout",2018
"Mission: Impossible - Ghost Protocol",2011
"Mission: Impossible - Rogue Nation",2015
"Mission: Impossible - The Final Reckoning",2025
"Mission: Impossible II",2000
"Mission: Impossible III",2006
"Modern Times",1936
"Mohabbatein",2000
"Mohra",1994
"Mommy",2014
"Mona Lisa",1986
"Moneyball",2011
"Monkey Man",2024
"Monster",2003
"Monster",2023
"Monster House",2006
"Monsters, Inc.",2001
"Monty Python and the Holy Grail",1975
"Monty Python's The Meaning of Life",1983
"Moon",2009
"Moonlight",2016
"Moonstruck",1987
"Mother",2009
"Mother India",1957
"Mr. & Mrs. Khiladi",1997
"Mr. Bean's Holiday",2007
"Mr. India",1987
"Mr. Nobody",2009
"Mr. Smith Goes to Washington",1939
"Ms .45",1981
"Mujhse Dosti Karoge!",2002
"Mujhse Shaadi Karogi",2004
"Mukkabaaz",2017
"Mulholland Drive",2001
"Munna Bhai M.B.B.S.",2003
"Muqabla",1993
"Muqaddar Ka Sikandar",1978
"Murder",2004
"My Cousin Vinny",1992
"My Dinner with Andre",1981
"My Life as a Zucchini",2016
"My Name Is Khan",2010
"My Neighbor Totoro",1988
"My Own Private Idaho",1991
"My Wife’s Murder",2005
"Mysterious Skin",2004
"Mystic River",2003
"Nadiya Ke Paar",1982
"Nagavalli",2010
"Nagin",1976
"Nagina",1986
"Naksha",2006
"Namak Halaal",1982
"Namastey London",2007
"Narsimha",1991
"Naseeb",1981
"Natural Born Killers",1994
"Nausicaä of the Valley of the Wind",1984
"Nautanki Saala!",2013
"Navalny",2022
"Nayak: The Real Hero",2001
"Near Dark",1987
"Negative Space",2017
"Neon Genesis Evangelion",1995
"Neon Genesis Evangelion: The End of Evangelion",1997
"Network",1976
"New York",2009
"Newton",2017
"Nigahen: Nagina Part II",1989
"Night and Fog",1956
"Night at the Museum",2006
"Night of the Living Dead",1968
"Night Tide",1961
"Nightcrawler",2014
"Nightwatch",1994
"Ninja Scroll",1993
"No Country for Old Men",2007
"No Entry",2005
"No Hard Feelings",2023
"No Other Choice",2025
"No Problem",2010
"No Smoking",2007
"Nobody",2021
"Nocturnal Animals",2016
"Nope",2022
"Nosferatu",2024
"Notting Hill",1999
"Now You See Me",2013
"Now You See Me 2",2016
"Obsession",1976
"Ocean's Eleven",2001
"October",2018
"October Sky",1999
"Oculus",2013
"Office Space",1999
"Oldboy",2003
"Om Jai Jagadish",2002
"Om Shanti Om",2007
"OMG 2",2023
"OMG: Oh My God!",2012
"Omkara",2006
"On the Waterfront",1954
"On Your Mark",1995
"Once",2007
"Once Upon a Time in Mumbaai",2010
"Once Upon a Time in the West",1968
"Once Upon a Time... in Hollywood",2019
"One 2 Ka 4",2001
"One Battle After Another",2025
"One Child Nation",2019
"One Cut of the Dead",2017
"One False Move",1991
"One Flew Over the Cuckoo's Nest",1975
"One Two Three",2008
"Open Your Eyes",1997
"Oppenheimer",2023
"Orphan",2009
"Over the Garden Wall",2014
"Oye Lucky! Lucky Oye!",2008
"Paa",2009
"Paathshaala",2010
"Pacific Rim",2013
"Pad Man",2018
"Paddington",2014
"Paddington 2",2017
"Padosan",1968
"Palm Springs",2020
"Pandorum",2009
"Panic Room",2002
"Pan's Labyrinth",2006
"Paperman",2012
"Paradise Alley",1978
"Parasite",2019
"Pardes",1997
"Parichay",1972
"Parinda",1989
"Paris, Texas",1984
"Parmanu: The Story of Pokhran",2018
"Partner",2007
"Parvarish",1977
"Past Lives",2023
"Paterson",2016
"Pathaan",2023
"Pather Panchali",1955
"Patiala House",2011
"Peeping Tom",1960
"Peepli Live",2010
"Perfect Blue",1997
"Perfect Days",2023
"Perfume: The Story of a Murderer",2006
"Phantom Thread",2017
"Phata Poster Nikhla Hero",2013
"Philadelphia",1993
"Phir Bhi Dil Hai Hindustani",2000
"Phir Hera Pheri",2006
"Pi",1998
"Pig",2021
"Piku",2015
"Pineapple Express",2008
"Ping Pong the Animation",2014
"Pinocchio",1940
"Pirates of the Caribbean: At World's End",2007
"Pirates of the Caribbean: Dead Man's Chest",2006
"Pirates of the Caribbean: The Curse of the Black Pearl",2003
"PK",2014
"Planes, Trains and Automobiles",1987
"Planet Earth",2006
"Planet Earth II",2016
"Planet of the Apes",1968
"Platoon",1986
"Players",2012
"Point Break",1991
"Police Story",1985
"Police Story 2",1988
"Police Story 3: Super Cop",1992
"Poltergeist",1982
"Pontypool",2008
"Poor Things",2023
"Portrait of a Lady on Fire",2019
"Possession",1981
"Powers of Ten",1977
"Pratiggya",1975
"Predator",1987
"Predestination",2014
"Prem Ratan Dhan Payo",2015
"Prem Rog",1982
"Pretend That You Love Me",2020
"Pretty Woman",1990
"Pride & Prejudice",2005
"Primal Fear",1996
"Primer",2004
"Prince of Darkness",1987
"Prince of Persia: The Sands of Time",2010
"Princess Mononoke",1997
"Prisoners",2013
"Project A",1983
"Project Hail Mary",2026
"Prometheus",2012
"Promising Young Woman",2020
"Psycho",1960
"Pulp Fiction",1994
"Punch-Drunk Love",2002
"Pyaar Ka Punchnama",2011
"Pyaar Kiya To Darna Kya",1998
"Pyaar To Hona Hi Tha",1998
"Pyaasa",1957
"Qayamat Se Qayamat Tak",1988
"Qayamat: City Under Threat",2003
"Quantum of Solace",2008
"Quatermass and the Pit",1967
"Queen",2013
"Quiz Show",1994
"R... Rajkumar",2013
"Ra.One",2011
"Raanjhanaa",2013
"Raaz",2002
"Raaz 3",2012
"Raazi",2018
"Rab Ne Bana Di Jodi",2008
"Race",2008
"Race 2",2013
"Race Gurram",2014
"Raees",2017
"Ragada",2010
"Raging Bull",1980
"Raid",2018
"Raiders of the Lost Ark",1981
"Rain Man",1988
"Raincoat",2004
"Raising Arizona",1987
"Raja Babu",1994
"Raja Hindustani",1996
"Rajnigandha",1974
"Raju Chacha",2000
"Ram Lakhan",1989
"Ramaiya Vastavaiya",2013
"Raman Raghav 2.0",2016
"Ramayana: The Legend of Prince Rama",1993
"Rang De Basanti",2006
"Rangeela",1995
"Rango",2011
"Rascals",2011
"Rashomon",1950
"Ratatouille",2007
"Ratsasan",2018
"Raw",2016
"Ready",2011
"Ready or Not",2019
"Reality Bites",1994
"Re-Animator",1985
"Rear Window",1954
"Rebel Ridge",2024
"Rebel Without a Cause",1955
"Red Dragon",2002
"Red Rock West",1993
"Red Rocket",2021
"Red Rooms",2023
"Rehnaa Hai Terre Dil Mein",2001
"Rejected",2000
"Repo Man",1984
"Requiem for a Dream",2000
"Reservoir Dogs",1992
"Return Of Hanuman",2007
"Return of the Jedi",1983
"Revanche",2008
"Revenge",2017
"Revolutionary Road",2008
"Riders of Justice",2020
"Ring",1998
"Rise of the Planet of the Apes",2011
"Rishtey",2002
"River's Edge",1986
"Road to Perdition",2002
"Roadgames",1981
"Rob-B-Hood",2006
"RoboCop",1987
"Rock On!!",2008
"Rocket Singh: Salesman of the Year",2009
"Rockstar",2011
"Rocky",1976
"Rocky Aur Rani Kii Prem Kahaani",2023
"Rocky Balboa",2006
"Rocky II",1979
"Rocky III",1982
"Rocky IV",1985
"Rolling Thunder",1977
"Ronin",1998
"Room",2015
"Roop Ki Rani Choron Ka Raja",1993
"Rope",1948
"Rosemary's Baby",1968
"Roti",1974
"Roti Kapada Aur Makaan",1974
"Rowdy Rathore",2012
"RRR",2022
"Rudraksh",2004
"Rumble in the Bronx",1995
"Run",2020
"Run Lola Run",1998
"Rush",2013
"Rush Hour",1998
"Rush Hour 2",2001
"Rush Hour 3",2007
"Rustom",2016
"Saajan",1991
"Saajan Chale Sasural",1996
"Saath Saath",1982
"Saathiya",2002
"Sachin: A Billion Dreams",2017
"Sadma",1983
"Sahasam",2013
"Sainik",1993
"Saint Maud",2019
"Saint☆Young Men",2013
"Salaam Bombay!",1988
"Salaam Namaste",2005
"Samay Raina: Still Alive",2026
"Samsara",2011
"Samurai Jack: The Premiere Movie",2001
"Samurai X: Trust & Betrayal",1999
"Sanam Teri Kasam",2016
"Sandwich",2006
"Sangharsh",1999
"Sanju",2018
"Sansar",1987
"Sansho the Bailiff",1954
"Sarfarosh",1999
"Satte Pe Satta",1982
"Satya",1998
"Satyam Shivam Sundaram",1978
"Satyaprem Ki Katha",2023
"Saudagar",1973
"Saving Private Ryan",1998
"Saw",2004
"Saw 3D",2010
"Saw II",2005
"Saw VI",2009
"Say Anything...",1989
"Scam 1992: The Harshad Mehta Story",2020
"Scanners",1981
"Scarface",1983
"Scent of a Woman",1992
"Schindler's List",1993
"School of Rock",2003
"Scott Pilgrim vs. the World",2010
"Scream",1996
"Se7en",1995
"Sea of Love",1989
"Searching",2018
"Seconds",1966
"Secret Superstar",2017
"Secret Window",2004
"Secretary",2002
"Secrets & Lies",1996
"Sector 36",2024
"Seeta and Geeta",1972
"Sentimental Value",2025
"Serendipity",2001
"Serpico",1973
"Seven Psychopaths",2012
"Seven Samurai",1954
"Sex, Lies, and Videotape",1989
"Sexy Beast",2000
"Shaan",1980
"Shaapit",2010
"Shahenshah",1988
"Shakti: The Power",2002
"Shame",2011
"Shang-Chi and the Legend of the Ten Rings",2021
"Shaolin Soccer",2001
"Sharaabi",1984
"Shattered Glass",2003
"Shaun of the Dead",2004
"Shaurya",2008
"Shazam!",2019
"Shelby Oaks",2024
"Sherlock Holmes",2009
"Sherlock Holmes: A Game of Shadows",2011
"Sherlock, Jr.",1924
"Sherlock: The Abominable Bride",2016
"Sherlock: The Final Problem",2017
"Shershaah",2021
"Shikari",2000
"Shin Godzilla",2016
"Ship of Theseus",2012
"Shithouse",2020
"Shiva Baby",2020
"Shola Aur Shabnam",1992
"Sholay",1975
"Shootout at Lokhandwala",2007
"Shootout at Wadala",2013
"Short Cuts",1993
"Short Term 12",2013
"Shortkut - The Con Is On",2009
"Shrek",2001
"Shuddh Desi Romance",2013
"Shutter",2004
"Shutter Island",2010
"Sicario",2015
"Sideways",2004
"Signs",2002
"Silence",2016
"Silver Linings Playbook",2012
"Simmba",2018
"Sin City",2005
"Sin City: A Dame to Kill For",2014
"Singh Is Kinng",2008
"Singham",2011
"Singham Returns",2014
"Singin' in the Rain",1952
"Sinister",2012
"Sinners",2025
"Sirf Tum",1999
"Sisters",1972
"Sivaji: The Boss",2007
"Six Shooter",2004
"Sky High",2005
"Skyfall",2012
"Sleepaway Camp",1983
"Sleepy Hollow",1999
"Sling Blade",1996
"Slumdog Millionaire",2008
"Snake in the Eagle's Shadow",1978
"Snatch",2000
"Snow White and the Seven Dwarfs",1937
"Snowpiercer",2013
"Society",1989
"Society of the Snow",2023
"Soldier",1998
"Some Like It Hot",1959
"Son of Sardaar",2012
"Son of Saul",2015
"Son of the Mask",2005
"Song of the Sea",2014
"Sonu Ke Titu Ki Sweety",2018
"Sooryavansham",1999
"Sorry We Missed You",2019
"Soul",2020
"Sound of Metal",2019
"Source Code",2011
"Sparsh",1980
"Speak",2004
"Speak No Evil",2022
"Speak No Evil",2024
"Special 26",2013
"Spectre",2015
"Speed",1994
"Spencer",2021
"Spider-Man",2002
"Spider-Man 2",2004
"Spider-Man 3",2007
"Spider-Man: Across the Spider-Verse",2023
"Spider-Man: Far From Home",2019
"Spider-Man: Homecoming",2017
"Spider-Man: Into the Spider-Verse",2018
"Spider-Man: No Way Home",2021
"Spirited Away",2001
"Splice",2009
"Split",2016
"Spotlight",2015
"Spy Kids",2001
"Spy Kids 2: The Island of Lost Dreams",2002
"Spy Kids 3-D: Game Over",2003
"Squid Game",2021
"Stalag 17",1953
"Stand by Me",1986
"Star Trek",2009
"Star Trek Beyond",2016
"Star Trek Into Darkness",2013
"Star Wars",1977
"Star Wars: The Force Awakens",2015
"Star Wars: The Last Jedi",2017
"Star Wars: The Rise of Skywalker",2019
"Stealing Beauty",1996
"Steins;Gate",2011
"Steins;Gate: The Movie - Load Region of Déjà Vu",2013
"Steve Jobs",2015
"Stir of Echoes",1999
"Stoker",2013
"Straight Time",1978
"Strange Darling",2023
"Stranger Things 5: The Finale",2025
"Strangers on a Train",1951
"Straw Dogs",1971
"Stree",2018
"Stree 2",2024
"Stuart Little",1999
"Stuart Little 2",2002
"Student Of The Year",2012
"Style",2001
"Submarine",2010
"Suhaag",1979
"Sui Dhaaga - Made in India",2018
"Suicide Squad",2016
"Sulemani Keeda",2014
"Sully",2016
"Sultan",2016
"Sunday",2008
"Sunset Boulevard",1950
"Sunshine",2007
"Super",2005
"Super",2010
"Super 30",2019
"Super 8",2011
"Superbad",2007
"Superboys of Malegaon",2024
"Superman",2025
"Suryavanshi",1992
"Suspect Zero",2004
"Suspiria",1977
"Swades",2004
"Swarg",1990
"Swatantrya Veer Savarkar",2024
"Sweet Juices",2023
"Sympathy for Mr. Vengeance",2002
"Ta Ra Rum Pum",2007
"Taal",1999
"Taarzan: The Wonder Car",2004
"Table No. 21",2013
"Take Shelter",2011
"Taken",2008
"Talaash",2012
"Tales from the Hood",1995
"Talk to Me",2022
"Tamasha",2015
"Tangerine",2015
"Tangled",2010
"Tango Charlie",2005
"Tanu Weds Manu",2011
"Tanu Weds Manu: Returns",2015
"Taqdeerwala",1995
"TÁR",2022
"Tarzan",1999
"Taste of Cherry",1997
"Tathastu",2006
"Taxi Driver",1976
"Taxi No. 9211",2006
"Ted",2012
"Ted 2",2015
"Tees Maar Khan",2010
"Tender Mercies",1983
"Tenebre",1982
"Tenet",2020
"Tere Naal Love Ho Gaya",2012
"Tere Naam",2003
"Teri Meherbaniyan",1985
"Terminator 2: Judgment Day",1991
"Terminator 3: Rise of the Machines",2003
"Terrestrial Verses",2023
"Tezaab",1988
"Thank You",2011
"Thank You for Smoking",2005
"That Girl in Yellow Boots",2011
"The 40 Year Old Virgin",2005
"The Abyss",1989
"The Adventures of Tintin",2011
"The Amateur",2025
"The Amazing Spider-Man",2012
"The Animal Kingdom",2023
"The Apartment",1960
"The Apprentice",2024
"The Assassination of Jesse James by the Coward Robert Ford",2007
"The Autopsy of Jane Doe",2016
"The Avengers",2012
"The Ba***ds of Bollywood",2025
"The Babadook",2014
"The Banshees of Inisherin",2022
"The Basket",2018
"The Batman",2022
"The Beast",2023
"The Beguiled",1971
"The Best Years of Our Lives",1946
"The Big Lebowski",1998
"The Big Short",2015
"The Big Sick",2017
"The Birdcage",1996
"The Birds",1963
"The Black Phone",2021
"The Blair Witch Project",1999
"The Blob",1988
"The Boondock Saints",1999
"The Bourne Identity",2002
"The Bourne Supremacy",2004
"The Bourne Ultimatum",2007
"The Boy and the Beast",2015
"The Boys in the Band",1970
"The Breakfast Club",1985
"The Bridge on the River Kwai",1957
"The Brood",1979
"The Brutalist",2024
"The Burning Train",1980
"The Butterfly Effect",2004
"The Cabin in the Woods",2011
"The Cable Guy",1996
"The Cat Concerto",1947
"The Celebration",1998
"The Changeling",1980
"The Chaser",2008
"The Chess Players",1977
"The Chronicles of Narnia: Prince Caspian",2008
"The Chronicles of Narnia: The Lion, the Witch and the Wardrobe",2005
"The Conjuring",2013
"The Conjuring 2",2016
"The Contestant",2023
"The Conversation",1974
"The Coward",1965
"The Crying Game",1992
"The Curious Case of Benjamin Button",2008
"The Darjeeling Limited",2007
"The Dark Knight",2008
"The Dark Knight Rises",2012
"The Day the Earth Stood Still",1951
"The Dead Zone",1983
"The Death of Stalin",2017
"The Deer Hunter",1978
"The Departed",2006
"The Descent",2005
"The Devil All the Time",2020
"The Devil Wears Prada",2006
"The Devils",1971
"The Devil's Advocate",1997
"The Devil's Backbone",2001
"The Dictator",2012
"The Dirty Picture",2011
"The Disaster Artist",2017
"The Diving Bell and the Butterfly",2007
"The Dreamers",2003
"The Driver",1978
"The Edge of Seventeen",2016
"The Elephant Man",1980
"The Emperor's New Groove",2000
"The Empire Strikes Back",1980
"The Empty Man",2020
"The English Patient",1996
"The Evil Dead",1981
"The Exorcist",1973
"The Fantastic 4: First Steps",2025
"The Farewell",2019
"The Father",2020
"The Fault in Our Stars",2014
"The Favourite",2018
"The Fifth Element",1997
"The Fifth Seal",1976
"The Fighter",2010
"The Fisher King",1991
"The Florida Project",2017
"The Fly",1986
"The Fog",1980
"The Forbidden Kingdom",2008
"The Fountain",2006
"The French Connection",1971
"The Fugitive",1993
"The Full Monty",1997
"The Funhouse",1981
"The Game",1997
"The Game of Shifting Mirrors",2020
"The Garden of Words",2013
"The General",1926
"The Getaway",1972
"The Ghost Writer",2010
"The Gift",2015
"The Girl Next Door",2004
"The Girl with the Dragon Tattoo",2011
"The God Man",2025
"The Godfather",1972
"The Godfather Part II",1974
"The Good, the Bad and the Ugly",1966
"The Graduate",1967
"The Grand Budapest Hotel",2014
"The Great Escape",1963
"The Great Train Robbery",1903
"The Green Knight",2021
"The Green Mile",1999
"The Guardians of the Galaxy Holiday Special",2022
"The Guilty",2018
"The Handmaiden",2016
"The Hangover",2009
"The Hangover Part II",2011
"The Hangover Part III",2013
"The Hateful Eight",2015
"The Haunting",1963
"The Haunting in Connecticut",2009
"The Haunting of Hill House",2018
"The Heiress",1949
"The Hero: Love Story of a Spy",2003
"The Hidden",1987
"The Hitcher",1986
"The Hobbit: An Unexpected Journey",2012
"The Hobbit: The Battle of the Five Armies",2014
"The Hobbit: The Desolation of Smaug",2013
"The Holdovers",2023
"The Holiday",2006
"The Host",2006
"The House of the Devil",2009
"The Howling",1981
"The Hunt",2012
"The Hurt Locker",2008
"The Illusionist",2006
"The Imitation Game",2014
"The Incredible Hulk",2008
"The Incredibles",2004
"The Innocents",1961
"The Insider",1999
"The Intern",2015
"The Intouchables",2011
"The Invisible Guest",2016
"The Invisible Man",1933
"The Invisible Man",2020
"The Invitation",2015
"The Irishman",2019
"The Iron Claw",2023
"The Iron Giant",1999
"The Jacket",2005
"The Jungle Book",1967
"The Karate Kid",1984
"The Karate Kid",2010
"The Kashmir Files",2022
"The Kid",1921
"The Kid Detective",2020
"The Killer",1989
"The Killer",2023
"The Killing of a Sacred Deer",2017
"The King of Comedy",1982
"The King's Speech",2010
"The Last Boy Scout",1991
"The Last Duel",2021
"The Last Picture Show",1971
"The Legacy of Dear Zachary: A Journey to Change the Law",2013
"The Legend of Bhagat Singh",2002
"The Lego Movie",2014
"The Lighthouse",2019
"The Lincoln Lawyer",2011
"The Lion King",1994
"The Little Girl Who Lives Down the Lane",1976
"The Lives of Others",2006
"The Lobster",2015
"The Long Goodbye",1973
"The Long Kiss Goodnight",1996
"The Lord of the Rings: The Fellowship of the Ring",2001
"The Lord of the Rings: The Return of the King",2003
"The Lord of the Rings: The Two Towers",2002
"The Lost World: Jurassic Park",1997
"The Lovers on the Bridge",1991
"The Lunchbox",2013
"The Machinist",2004
"The Man from Earth",2007
"The Man from Nowhere",2010
"The Man Who Feels No Pain",2018
"The Man Who Knew Infinity",2015
"The Martian",2015
"The Mask",1994
"The Master",2012
"The Matrix",1999
"The Matrix Reloaded",2003
"The Matrix Resurrections",2021
"The Matrix Revolutions",2003
"The Maze Runner",2014
"The Menu",2022
"The Meyerowitz Stories (New and Selected)",2017
"The Mist",2007
"The Mummy",1999
"The Mummy Returns",2001
"The Mummy: Tomb of the Dragon Emperor",2008
"The Namesake",2006
"The Nice Guys",2016
"The Night Of",2016
"The Nightmare Before Christmas",1993
"The Ninth Configuration",1980
"The Ninth Gate",1999
"The Northman",2022
"The Notebook",2004
"The Number 23",2007
"The Omen",1976
"The Order",2024
"The Orphanage",2007
"The Others",2001
"The Outfit",1973
"The Pacifier",2005
"The Panic in Needle Park",1971
"The Passenger",1975
"The Past",2013
"The People vs. Larry Flynt",1996
"The Perks of Being a Wallflower",2012
"The Pianist",2002
"The Piano Teacher",2001
"The Piano Tuner",2010
"The Place Beyond the Pines",2012
"The Polar Express",2004
"The Power of the Dog",2021
"The Prestige",2006
"The Princess Bride",1987
"The Pursuit of Happyness",2006
"The Raid",2011
"The Raid 2",2014
"The Reader",2008
"The Red Balloon",1956
"The Red Suitcase",2023
"The Reflecting Skin",1990
"The Revenant",2015
"The Ring",2002
"The Road",2009
"The Romantics",2023
"The Salesman",2016
"The Sandlot",1993
"The Searchers",1956
"The Secret in Their Eyes",2009
"The Secret Life of Walter Mitty",2013
"The Seventh Seal",1957
"The Shape of Water",2017
"The Shawshank Redemption",1994
"The Shining",1980
"The Shop Around the Corner",1940
"The Silence of the Lambs",1991
"The Sixth Sense",1999
"The Skin I Live In",2011
"The Social Dilemma",2020
"The Social Network",2010
"The Spectacular Now",2013
"The SpongeBob SquarePants Movie",2004
"The Squid and the Whale",2005
"The Stepfather",1987
"The Sting",1973
"The Stoneman Murders",2009
"The Straight Story",1999
"The Substance",2024
"The Suicide Squad",2021
"The Sunset Limited",2011
"The Talented Mr. Ripley",1999
"The Teachers’ Lounge",2023
"The Terminator",1984
"The Test",2020
"The Texas Chain Saw Massacre",1974
"The Thin Blue Line",1988
"The Thing",1982
"The Third Man",1949
"The Town",2010
"The Treasure of the Sierra Madre",1948
"The Truman Show",1998
"The Twilight Saga: Breaking Dawn - Part 1",2011
"The Twilight Saga: Breaking Dawn - Part 2",2012
"The Twilight Saga: Eclipse",2010
"The Twilight Saga: New Moon",2009
"The Umbrellas of Cherbourg",1964
"The Unbearable Weight of Massive Talent",2022
"The Unreserved",2017
"The Untouchables",1987
"The Usual Suspects",1995
"The Vanishing",1988
"The Vast of Night",2019
"The Verdict",1982
"The Wailing",2016
"The Whale",2022
"The White Ribbon",2009
"The White Tiger",2021
"The Wicker Man",1973
"The Witch",2015
"The Wolf of Snow Hollow",2020
"The Wolf of Wall Street",2013
"The Wolverine",2013
"The Wonderful Story of Henry Sugar",2023
"The Wonderful Story of Henry Sugar and Three More",2024
"The Woodsman",2004
"The World's End",2013
"The Worst Person in the World",2021
"The Wrestler",2008
"The Wrong Trousers",1993
"There Will Be Blood",2007
"Thesis",1996
"They Live",1988
"They Shoot Horses, Don't They?",1969
"Thief",1981
"Thirst",2009
"This Is England",2006
"This Is the End",2013
"Thoda Pyaar Thoda Magic",2008
"Thor",2011
"Thor: Love and Thunder",2022
"Thor: Ragnarok",2017
"Thor: The Dark World",2013
"Three Billboards Outside Ebbing, Missouri",2017
"Three of Us",2022
"Three Thousand Years of Longing",2022
"Thunderbolts*",2025
"THX 1138",1971
"Tiger Zinda Hai",2017
"Timecrimes",2007
"Tinker Tailor Soldier Spy",2011
"Tirangaa",1993
"Titane",2021
"Titanic",1997
"To Kill a Mockingbird",1962
"To Live and Die in L.A.",1985
"Todd McFarlane’s Spawn",1997
"Tom and Jerry: The Fast and the Furry",2005
"Tootsie",1982
"Top Gun",1986
"Top Gun: Maverick",2022
"Total Recall",1990
"Tótem",2023
"Toy Story",1995
"Toy Story 2",1999
"Toy Story 3",2010
"Trading Places",1983
"Train to Busan",2016
"Training Day",2001
"Trainspotting",1996
"Transformers",2007
"Treasure Planet",2002
"Tremors",1990
"Triangle",2009
"Trick 'r Treat",2007
"Trimurti",1995
"Tropic Thunder",2008
"True Romance",1993
"Trust",1990
"Tu Chor Main Sipahi",1996
"Tu Yaa Main",2026
"Tucker and Dale vs. Evil",2010
"Tum Bin",2001
"Tum Mere Ho",1990
"Tumbbad",2018
"Tumko Na Bhool Paayenge",2002
"Twelve Monkeys",1995
"Twilight",2008
"Twilight Zone: The Movie",1983
"Twin Peaks",1989
"Twin Peaks: Fire Walk with Me",1992
"Twin Peaks: The Missing Pieces",2014
"Twin Peaks: The Return",2017
"Two",1965
"Two Acres of Land",1953
"Udaan",2010
"Udta Punjab",2016
"Ugly",2013
"Umberto D.",1952
"Umrao Jaan",1981
"Un Chien Andalou",1929
"Unbreakable",2000
"Uncut Gems",2019
"Under the Silver Lake",2018
"Under the Skin",2013
"Unforgiven",1992
"United 93",2006
"Up",2009
"Up in the Air",2009
"Upgrade",2018
"Uri: The Surgical Strike",2019
"Us",2019
"V for Vendetta",2005
"Vaah! Life Ho Toh Aisi!",2005
"Vaastav",1999
"Vampire Hunter D: Bloodlust",2000
"Vanilla Sky",2001
"Veer",2010
"Veerana",1988
"Veer-Zaara",2004
"Venom",2018
"Vertigo",1958
"Vicky Cristina Barcelona",2008
"Vicky Donor",2012
"Videodrome",1983
"Vikramarkudu",2006
"Vir Das: Fool Volume",2025
"Vir Das: Landing",2022
"Virasat",1997
"Vivah",2006
"Volver",2006
"Voyages en Italie",2023
"Wag the Dog",1997
"Wait Until Dark",1967
"Wake in Fright",1971
"Wake Up Dead Man",2025
"Wake Up Sid",2009
"WALL·E",2008
"Wanted",2008
"Wanted",2009
"Waqt",2005
"Waqt Hamara Hai",1993
"War",2019
"War for the Planet of the Apes",2017
"War of the Worlds",2005
"Warrior",2011
"Watchmen",2009
"Wazir",2016
"We Need to Talk About Kevin",2011
"Weapons",2025
"Welcome",2007
"Welcome to the Dollhouse",1995
"We're the Millers",2013
"Werewolf by Night",2022
"What We Do in the Shadows",2014
"What's Eating Gilbert Grape",1993
"When Evil Lurks",2023
"When Harry Met Sally...",1989
"When Marnie Was There",2014
"When They See Us",2019
"Whiplash",2014
"Whisper of the Heart",1995
"Who Am I?",1998
"Wild Tales",2014
"Wind River",2017
"Witness",1985
"Witness for the Prosecution",1957
"Woh 7 Din",1983
"Wolf Children",2012
"Wolfwalkers",2020
"Woman of the Hour",2023
"Wonder",2017
"Wonder Woman",2017
"World of Tomorrow",2015
"World War Z",2013
"X",2022
"X2",2003
"Xcuse Me",2003
"X-Men",2000
"X-Men Origins: Wolverine",2009
"X-Men: Apocalypse",2016
"X-Men: Days of Future Past",2014
"X-Men: First Class",2011
"X-Men: The Last Stand",2006
"Y Tu Mamá También",2001
"Yaadein",2001
"Yaarana",1981
"Yamla Pagla Deewana",2011
"Yamla Pagla Deewana 2",2013
"Yavanika",1982
"Yavarum Nalam",2009
"Yeh Hai Jalwa",2002
"Yeh Jawaani Hai Deewani",2013
"Yeh Teraa Ghar Yeh Meraa Ghar",2001
"Yes Boss",1997
"Yesterday",2019
"You Were Never Really Here",2017
"Your Name.",2016
"Yuvvraaj",2008
"Zack Snyder's Justice League",2021
"Zakhm",1998
"Zakir Khan: Tathastu",2022
"Zanjeer",1973
"Zapatlela",1993
"Zathura: A Space Adventure",2005
"Zero",2018
"Zero Dark Thirty",2012
"Zero Effect",1998
"Zindagi Na Milegi Dobara",2011
"Zodiac",2007
"Zombieland",2009
"Zootopia",2016
total,2304